Package,LibPath,Version,Priority,Built
AlgDesign,/home/eric/R/x86_64-pc-linux-gnu-library/3.4,1.1-7.3,NA,3.4.0
anytime,/home/eric/R/x86_64-pc-linux-gnu-library/3.4,0.3.0,NA,3.4.1
backports,/home/eric/R/x86_64-pc-linux-gnu-library/3.4,1.1.0,NA,3.4.1
BH,/home/eric/R/x86_64-pc-linux-gnu-library/3.4,1.65.0-1,NA,3.4.3
bit,/home/eric/R/x86_64-pc-linux-gnu-library/3.4,1.1-12,NA,3.4.2
bit64,/home/eric/R/x86_64-pc-linux-gnu-library/3.4,0.9-7,NA,3.4.2
blob,/home/eric/R/x86_64-pc-linux-gnu-library/3.4,1.1.0,NA,3.4.2
brew,/home/eric/R/x86_64-pc-linux-gnu-library/3.4,1.0-6,NA,3.4.0
broom,/home/eric/R/x86_64-pc-linux-gnu-library/3.4,0.4.2,NA,3.4.0
car,/home/eric/R/x86_64-pc-linux-gnu-library/3.4,2.1-5,NA,3.4.1
cellranger,/home/eric/R/x86_64-pc-linux-gnu-library/3.4,1.1.0,NA,3.4.0
chron,/home/eric/R/x86_64-pc-linux-gnu-library/3.4,2.3-51,NA,3.4.2
cli,/home/eric/R/x86_64-pc-linux-gnu-library/3.4,1.0.0,NA,3.4.3
clipr,/home/eric/R/x86_64-pc-linux-gnu-library/3.4,0.4.0,NA,3.4.3
clisymbols,/home/eric/R/x86_64-pc-linux-gnu-library/3.4,1.2.0,NA,3.4.3
colorspace,/home/eric/R/x86_64-pc-linux-gnu-library/3.4,1.3-2,NA,3.4.0
colourpicker,/home/eric/R/x86_64-pc-linux-gnu-library/3.4,0.3,NA,3.4.0
config,/home/eric/R/x86_64-pc-linux-gnu-library/3.4,0.2,NA,3.4.3
countrycode,/home/eric/R/x86_64-pc-linux-gnu-library/3.4,0.19,NA,3.4.0
crayon,/home/eric/R/x86_64-pc-linux-gnu-library/3.4,1.3.4,NA,3.4.3
crosstalk,/home/eric/R/x86_64-pc-linux-gnu-library/3.4,1.0.0,NA,3.4.0
curl,/home/eric/R/x86_64-pc-linux-gnu-library/3.4,2.8.1,NA,3.4.1
data.table,/home/eric/R/x86_64-pc-linux-gnu-library/3.4,1.10.4,NA,3.4.0
data.tree,/home/eric/R/x86_64-pc-linux-gnu-library/3.4,0.7.0,NA,3.4.0
dbConnect,/home/eric/R/x86_64-pc-linux-gnu-library/3.4,1.0,NA,3.4.0
DBI,/home/eric/R/x86_64-pc-linux-gnu-library/3.4,0.7,NA,3.4.1
debugme,/home/eric/R/x86_64-pc-linux-gnu-library/3.4,1.1.0,NA,3.4.3
DEoptimR,/home/eric/R/x86_64-pc-linux-gnu-library/3.4,1.0-8,NA,3.4.0
desc,/home/eric/R/x86_64-pc-linux-gnu-library/3.4,1.1.1,NA,3.4.3
devtools,/home/eric/R/x86_64-pc-linux-gnu-library/3.4,1.13.3,NA,3.4.1
DiagrammeR,/home/eric/R/x86_64-pc-linux-gnu-library/3.4,0.9.1,NA,3.4.1
dichromat,/home/eric/R/x86_64-pc-linux-gnu-library/3.4,2.0-0,NA,3.4.0
digest,/home/eric/R/x86_64-pc-linux-gnu-library/3.4,0.6.15,NA,3.4.3
doParallel,/home/eric/R/x86_64-pc-linux-gnu-library/3.4,1.0.10,NA,3.4.0
downloader,/home/eric/R/x86_64-pc-linux-gnu-library/3.4,0.4,NA,3.4.1
dplyr,/home/eric/R/x86_64-pc-linux-gnu-library/3.4,0.7.2,NA,3.4.1
DT,/home/eric/R/x86_64-pc-linux-gnu-library/3.4,0.2,NA,3.4.0
e1071,/home/eric/R/x86_64-pc-linux-gnu-library/3.4,1.6-8,NA,3.4.0
enc,/home/eric/R/x86_64-pc-linux-gnu-library/3.4,0.1,NA,3.4.3
extraDistr,/home/eric/R/x86_64-pc-linux-gnu-library/3.4,1.8.6,NA,3.4.1
extrafont,/home/eric/R/x86_64-pc-linux-gnu-library/3.4,0.17,NA,3.4.0
extrafontdb,/home/eric/R/x86_64-pc-linux-gnu-library/3.4,1.0,NA,3.4.0
flexdashboard,/home/eric/R/x86_64-pc-linux-gnu-library/3.4,0.5,NA,3.4.0
forcats,/home/eric/R/x86_64-pc-linux-gnu-library/3.4,0.2.0,NA,3.4.0
foreach,/home/eric/R/x86_64-pc-linux-gnu-library/3.4,1.4.3,NA,3.4.0
formattable,/home/eric/R/x86_64-pc-linux-gnu-library/3.4,0.2.0.1,NA,3.4.0
fortunes,/home/eric/R/x86_64-pc-linux-gnu-library/3.4,1.5-4,NA,3.4.0
fs,/home/eric/R/x86_64-pc-linux-gnu-library/3.4,1.1.0,NA,3.4.3
gdtools,/home/eric/R/x86_64-pc-linux-gnu-library/3.4,0.1.5,NA,3.4.1
geosphere,/home/eric/R/x86_64-pc-linux-gnu-library/3.4,1.5-5,NA,3.4.2
ggimage,/home/eric/R/x86_64-pc-linux-gnu-library/3.4,0.1.0,NA,3.4.3
ggiraph,/home/eric/R/x86_64-pc-linux-gnu-library/3.4,0.4.0,NA,3.4.1
ggmap,/home/eric/R/x86_64-pc-linux-gnu-library/3.4,2.6.1,NA,3.4.2
ggplot2,/home/eric/R/x86_64-pc-linux-gnu-library/3.4,2.2.1.9000,NA,3.4.0
ggthemes,/home/eric/R/x86_64-pc-linux-gnu-library/3.4,3.4.0,NA,3.4.0
ggvis,/home/eric/R/x86_64-pc-linux-gnu-library/3.4,0.4.3,NA,3.4.0
gh,/home/eric/R/x86_64-pc-linux-gnu-library/3.4,1.0.1,NA,3.4.3
git2r,/home/eric/R/x86_64-pc-linux-gnu-library/3.4,0.19.0,NA,3.4.1
Gmedian,/home/eric/R/x86_64-pc-linux-gnu-library/3.4,1.2.3,NA,3.4.0
googlesheets,/home/eric/R/x86_64-pc-linux-gnu-library/3.4,0.2.2,NA,3.4.2
GPArotation,/home/eric/R/x86_64-pc-linux-gnu-library/3.4,2014.11-1,NA,3.4.0
gridBase,/home/eric/R/x86_64-pc-linux-gnu-library/3.4,0.4-7,NA,3.4.0
gridExtra,/home/eric/R/x86_64-pc-linux-gnu-library/3.4,2.2.1,NA,3.4.0
gridGraphics,/home/eric/R/x86_64-pc-linux-gnu-library/3.4,0.2,NA,3.4.3
gsubfn,/home/eric/R/x86_64-pc-linux-gnu-library/3.4,0.6-6,NA,3.4.2
gtable,/home/eric/R/x86_64-pc-linux-gnu-library/3.4,0.2.0,NA,3.4.0
gWidgets,/home/eric/R/x86_64-pc-linux-gnu-library/3.4,0.0-54,NA,3.4.0
haven,/home/eric/R/x86_64-pc-linux-gnu-library/3.4,1.1.0,NA,3.4.1
here,/home/eric/R/x86_64-pc-linux-gnu-library/3.4,0.1,NA,3.4.3
hexbin,/home/eric/R/x86_64-pc-linux-gnu-library/3.4,1.27.1,NA,3.4.0
hexSticker,/home/eric/R/x86_64-pc-linux-gnu-library/3.4,0.4.2,NA,3.4.3
highcharter,/home/eric/R/x86_64-pc-linux-gnu-library/3.4,0.5.0,NA,3.4.0
highlite,/home/eric/R/x86_64-pc-linux-gnu-library/3.4,0.0.0.9000,NA,3.4.3
hms,/home/eric/R/x86_64-pc-linux-gnu-library/3.4,0.3,NA,3.4.0
hrbrthemes,/home/eric/R/x86_64-pc-linux-gnu-library/3.4,0.1.0,NA,3.4.0
htmltools,/home/eric/R/x86_64-pc-linux-gnu-library/3.4,0.3.6,NA,3.4.0
htmlwidgets,/home/eric/R/x86_64-pc-linux-gnu-library/3.4,0.9,NA,3.4.1
httpuv,/home/eric/R/x86_64-pc-linux-gnu-library/3.4,1.3.5,NA,3.4.2
httr,/home/eric/R/x86_64-pc-linux-gnu-library/3.4,1.3.1,NA,3.4.2
humaniformat,/home/eric/R/x86_64-pc-linux-gnu-library/3.4,0.6.0,NA,3.4.0
hunspell,/home/eric/R/x86_64-pc-linux-gnu-library/3.4,2.6,NA,3.4.1
igraph,/home/eric/R/x86_64-pc-linux-gnu-library/3.4,1.1.2,NA,3.4.1
import,/home/eric/R/x86_64-pc-linux-gnu-library/3.4,1.1.0,NA,3.4.0
influenceR,/home/eric/R/x86_64-pc-linux-gnu-library/3.4,0.1.0,NA,3.4.0
ini,/home/eric/R/x86_64-pc-linux-gnu-library/3.4,0.3.0,NA,3.4.3
inline,/home/eric/R/x86_64-pc-linux-gnu-library/3.4,0.3.14,NA,3.4.0
irlba,/home/eric/R/x86_64-pc-linux-gnu-library/3.4,2.2.1,NA,3.4.0
iterators,/home/eric/R/x86_64-pc-linux-gnu-library/3.4,1.0.8,NA,3.4.0
janeaustenr,/home/eric/R/x86_64-pc-linux-gnu-library/3.4,0.1.5,NA,3.4.1
jose,/home/eric/R/x86_64-pc-linux-gnu-library/3.4,0.1,NA,3.4.0
jpeg,/home/eric/R/x86_64-pc-linux-gnu-library/3.4,0.1-8,NA,3.4.2
jsonlite,/home/eric/R/x86_64-pc-linux-gnu-library/3.4,1.5,NA,3.4.1
knitr,/home/eric/R/x86_64-pc-linux-gnu-library/3.4,1.17,NA,3.4.1
labeling,/home/eric/R/x86_64-pc-linux-gnu-library/3.4,0.3,NA,3.4.0
lazyeval,/home/eric/R/x86_64-pc-linux-gnu-library/3.4,0.2.1,NA,3.4.3
leaflet,/home/eric/R/x86_64-pc-linux-gnu-library/3.4,1.1.0,NA,3.4.0
listviewer,/home/eric/R/x86_64-pc-linux-gnu-library/3.4,1.4.0,NA,3.4.0
lme4,/home/eric/R/x86_64-pc-linux-gnu-library/3.4,1.1-13,NA,3.4.0
lookup,/home/eric/R/x86_64-pc-linux-gnu-library/3.4,0.0.0.9000,NA,3.4.3
lubridate,/home/eric/R/x86_64-pc-linux-gnu-library/3.4,1.6.0,NA,3.4.0
magick,/home/eric/R/x86_64-pc-linux-gnu-library/3.4,1.6,NA,3.4.3
magrittr,/home/eric/R/x86_64-pc-linux-gnu-library/3.4,1.5,NA,3.4.0
mailR,/home/eric/R/x86_64-pc-linux-gnu-library/3.4,0.4.1,NA,3.4.3
mapproj,/home/eric/R/x86_64-pc-linux-gnu-library/3.4,1.2-5,NA,3.4.2
maps,/home/eric/R/x86_64-pc-linux-gnu-library/3.4,3.2.0,NA,3.4.1
MatrixModels,/home/eric/R/x86_64-pc-linux-gnu-library/3.4,0.4-1,NA,3.4.0
memoise,/home/eric/R/x86_64-pc-linux-gnu-library/3.4,1.1.0,NA,3.4.3
microbenchmark,/home/eric/R/x86_64-pc-linux-gnu-library/3.4,1.4-2.1,NA,3.4.0
miniUI,/home/eric/R/x86_64-pc-linux-gnu-library/3.4,0.1.1,NA,3.4.0
minqa,/home/eric/R/x86_64-pc-linux-gnu-library/3.4,1.2.4,NA,3.4.0
mnormt,/home/eric/R/x86_64-pc-linux-gnu-library/3.4,1.5-5,NA,3.4.0
ModelMetrics,/home/eric/R/x86_64-pc-linux-gnu-library/3.4,1.1.0,NA,3.4.0
modelr,/home/eric/R/x86_64-pc-linux-gnu-library/3.4,0.1.1,NA,3.4.1
modules,/home/eric/R/x86_64-pc-linux-gnu-library/3.4,0.6.0,NA,3.4.1
munsell,/home/eric/R/x86_64-pc-linux-gnu-library/3.4,0.4.3,NA,3.4.0
mvtnorm,/home/eric/R/x86_64-pc-linux-gnu-library/3.4,1.0-6,NA,3.4.0
networkD3,/home/eric/R/x86_64-pc-linux-gnu-library/3.4,0.4,NA,3.4.0
NeuralNetTools,/home/eric/R/x86_64-pc-linux-gnu-library/3.4,1.5.0,NA,3.4.0
nloptr,/home/eric/R/x86_64-pc-linux-gnu-library/3.4,1.0.4,NA,3.4.0
NLP,/home/eric/R/x86_64-pc-linux-gnu-library/3.4,0.1-11,NA,3.4.1
NMF,/home/eric/R/x86_64-pc-linux-gnu-library/3.4,0.20.6,NA,3.4.0
officer,/home/eric/R/x86_64-pc-linux-gnu-library/3.4,0.1.5,NA,3.4.1
openssl,/home/eric/R/x86_64-pc-linux-gnu-library/3.4,0.9.6,NA,3.4.0
pander,/home/eric/R/x86_64-pc-linux-gnu-library/3.4,0.6.1,NA,3.4.3
pbkrtest,/home/eric/R/x86_64-pc-linux-gnu-library/3.4,0.4-7,NA,3.4.0
pdftables,/home/eric/R/x86_64-pc-linux-gnu-library/3.4,0.1,NA,3.4.0
pdftools,/home/eric/R/x86_64-pc-linux-gnu-library/3.4,1.4,NA,3.4.1
pkgmaker,/home/eric/R/x86_64-pc-linux-gnu-library/3.4,0.22,NA,3.4.0
plotly,/home/eric/R/x86_64-pc-linux-gnu-library/3.4,4.7.1,NA,3.4.1
plyr,/home/eric/R/x86_64-pc-linux-gnu-library/3.4,1.8.4,NA,3.4.0
png,/home/eric/R/x86_64-pc-linux-gnu-library/3.4,0.1-7,NA,3.4.0
polycor,/home/eric/R/x86_64-pc-linux-gnu-library/3.4,0.7-9,NA,3.4.0
processx,/home/eric/R/x86_64-pc-linux-gnu-library/3.4,2.0.0.1,NA,3.4.3
prophet,/home/eric/R/x86_64-pc-linux-gnu-library/3.4,0.1.1,NA,3.4.0
proto,/home/eric/R/x86_64-pc-linux-gnu-library/3.4,1.0.0,NA,3.4.2
pryr,/home/eric/R/x86_64-pc-linux-gnu-library/3.4,0.1.2,NA,3.4.0
psych,/home/eric/R/x86_64-pc-linux-gnu-library/3.4,1.7.5,NA,3.4.0
purrr,/home/eric/R/x86_64-pc-linux-gnu-library/3.4,0.2.3,NA,3.4.1
quantmod,/home/eric/R/x86_64-pc-linux-gnu-library/3.4,0.4-10,NA,3.4.1
quantreg,/home/eric/R/x86_64-pc-linux-gnu-library/3.4,5.33,NA,3.4.0
radiant,/home/eric/R/x86_64-pc-linux-gnu-library/3.4,0.8.0,NA,3.4.0
radiant.basics,/home/eric/R/x86_64-pc-linux-gnu-library/3.4,0.8.0,NA,3.4.0
radiant.data,/home/eric/R/x86_64-pc-linux-gnu-library/3.4,0.8.1,NA,3.4.0
radiant.design,/home/eric/R/x86_64-pc-linux-gnu-library/3.4,0.8.0,NA,3.4.0
radiant.model,/home/eric/R/x86_64-pc-linux-gnu-library/3.4,0.8.0,NA,3.4.0
radiant.multivariate,/home/eric/R/x86_64-pc-linux-gnu-library/3.4,0.8.0,NA,3.4.0
RApiDatetime,/home/eric/R/x86_64-pc-linux-gnu-library/3.4,0.0.3,NA,3.4.1
raster,/home/eric/R/x86_64-pc-linux-gnu-library/3.4,2.5-8,NA,3.4.0
RColorBrewer,/home/eric/R/x86_64-pc-linux-gnu-library/3.4,1.1-2,NA,3.4.0
Rcpp,/home/eric/R/x86_64-pc-linux-gnu-library/3.4,0.12.15,NA,3.4.3
RcppArmadillo,/home/eric/R/x86_64-pc-linux-gnu-library/3.4,0.7.960.1.1,NA,3.4.1
RcppEigen,/home/eric/R/x86_64-pc-linux-gnu-library/3.4,0.3.3.3.0,NA,3.4.0
RCurl,/home/eric/R/x86_64-pc-linux-gnu-library/3.4,1.95-4.8,NA,3.4.1
RDSTK,/home/eric/R/x86_64-pc-linux-gnu-library/3.4,1.1,NA,3.4.1
reactR,/home/eric/R/x86_64-pc-linux-gnu-library/3.4,0.1.2,NA,3.4.0
readr,/home/eric/R/x86_64-pc-linux-gnu-library/3.4,1.1.1,NA,3.4.0
readxl,/home/eric/R/x86_64-pc-linux-gnu-library/3.4,1.0.0,NA,3.4.0
registry,/home/eric/R/x86_64-pc-linux-gnu-library/3.4,0.3,NA,3.4.0
rematch,/home/eric/R/x86_64-pc-linux-gnu-library/3.4,1.0.1,NA,3.4.0
rematch2,/home/eric/R/x86_64-pc-linux-gnu-library/3.4,2.0.1,NA,3.4.3
reshape2,/home/eric/R/x86_64-pc-linux-gnu-library/3.4,1.4.2,NA,3.4.0
reticulate,/home/eric/R/x86_64-pc-linux-gnu-library/3.4,1.4,NA,3.4.3
rex,/home/eric/R/x86_64-pc-linux-gnu-library/3.4,1.1.2,NA,3.4.3
rgexf,/home/eric/R/x86_64-pc-linux-gnu-library/3.4,0.15.3,NA,3.4.0
RgoogleMaps,/home/eric/R/x86_64-pc-linux-gnu-library/3.4,1.4.1,NA,3.4.2
rjson,/home/eric/R/x86_64-pc-linux-gnu-library/3.4,0.2.15,NA,3.4.1
rlang,/home/eric/R/x86_64-pc-linux-gnu-library/3.4,0.1.2,NA,3.4.1
rlist,/home/eric/R/x86_64-pc-linux-gnu-library/3.4,0.4.6.1,NA,3.4.0
rmarkdown,/home/eric/R/x86_64-pc-linux-gnu-library/3.4,1.6,NA,3.4.1
R.methodsS3,/home/eric/R/x86_64-pc-linux-gnu-library/3.4,1.7.1,NA,3.4.0
RMySQL,/home/eric/R/x86_64-pc-linux-gnu-library/3.4,0.10.13,NA,3.4.1
rngtools,/home/eric/R/x86_64-pc-linux-gnu-library/3.4,1.2.4,NA,3.4.0
robustbase,/home/eric/R/x86_64-pc-linux-gnu-library/3.4,0.92-7,NA,3.4.0
R.oo,/home/eric/R/x86_64-pc-linux-gnu-library/3.4,1.21.0,NA,3.4.0
Rook,/home/eric/R/x86_64-pc-linux-gnu-library/3.4,1.1-1,NA,3.4.0
rpivotTable,/home/eric/R/x86_64-pc-linux-gnu-library/3.4,0.2.0,NA,3.4.0
rprojroot,/home/eric/R/x86_64-pc-linux-gnu-library/3.4,1.2,NA,3.4.0
RSpectra,/home/eric/R/x86_64-pc-linux-gnu-library/3.4,0.12-0,NA,3.4.0
RSQLite,/home/eric/R/x86_64-pc-linux-gnu-library/3.4,2.0,NA,3.4.2
rstan,/home/eric/R/x86_64-pc-linux-gnu-library/3.4,2.16.2,NA,3.4.1
rstudioapi,/home/eric/R/x86_64-pc-linux-gnu-library/3.4,0.7,NA,3.4.3
Rttf2pt1,/home/eric/R/x86_64-pc-linux-gnu-library/3.4,1.3.4,NA,3.4.0
R.utils,/home/eric/R/x86_64-pc-linux-gnu-library/3.4,2.6.0,NA,3.4.3
rvcheck,/home/eric/R/x86_64-pc-linux-gnu-library/3.4,0.0.9,NA,3.4.3
rvest,/home/eric/R/x86_64-pc-linux-gnu-library/3.4,0.3.2,NA,3.4.0
rvg,/home/eric/R/x86_64-pc-linux-gnu-library/3.4,0.1.4,NA,3.4.1
sandwich,/home/eric/R/x86_64-pc-linux-gnu-library/3.4,2.4-0,NA,3.4.1
scales,/home/eric/R/x86_64-pc-linux-gnu-library/3.4,0.4.1,NA,3.4.0
selectr,/home/eric/R/x86_64-pc-linux-gnu-library/3.4,0.3-1,NA,3.4.0
shiny,/home/eric/R/x86_64-pc-linux-gnu-library/3.4,1.0.4,NA,3.4.1
shinyAce,/home/eric/R/x86_64-pc-linux-gnu-library/3.4,0.2.1,NA,3.4.0
shinyBS,/home/eric/R/x86_64-pc-linux-gnu-library/3.4,0.61,NA,3.4.1
shinydashboard,/home/eric/R/x86_64-pc-linux-gnu-library/3.4,0.6.1,NA,3.4.1
shinyjs,/home/eric/R/x86_64-pc-linux-gnu-library/3.4,0.9.1,NA,3.4.1
showtext,/home/eric/R/x86_64-pc-linux-gnu-library/3.4,0.5-1,NA,3.4.3
showtextdb,/home/eric/R/x86_64-pc-linux-gnu-library/3.4,2.0,NA,3.4.3
slam,/home/eric/R/x86_64-pc-linux-gnu-library/3.4,0.1-40,NA,3.4.0
SnowballC,/home/eric/R/x86_64-pc-linux-gnu-library/3.4,0.5.1,NA,3.4.0
sp,/home/eric/R/x86_64-pc-linux-gnu-library/3.4,1.2-5,NA,3.4.1
SparseM,/home/eric/R/x86_64-pc-linux-gnu-library/3.4,1.77,NA,3.4.0
sqldf,/home/eric/R/x86_64-pc-linux-gnu-library/3.4,0.4-11,NA,3.4.2
StanHeaders,/home/eric/R/x86_64-pc-linux-gnu-library/3.4,2.16.0-1,NA,3.4.1
stringdist,/home/eric/R/x86_64-pc-linux-gnu-library/3.4,0.9.4.6,NA,3.4.1
styler,/home/eric/R/x86_64-pc-linux-gnu-library/3.4,1.0.0,NA,3.4.3
sysfonts,/home/eric/R/x86_64-pc-linux-gnu-library/3.4,0.7.2,NA,3.4.3
tabulizer,/home/eric/R/x86_64-pc-linux-gnu-library/3.4,0.1.24,NA,3.4.1
tabulizerjars,/home/eric/R/x86_64-pc-linux-gnu-library/3.4,0.9.2,NA,3.4.1
tensorflow,/home/eric/R/x86_64-pc-linux-gnu-library/3.4,1.5,NA,3.4.3
tfruns,/home/eric/R/x86_64-pc-linux-gnu-library/3.4,1.2,NA,3.4.3
tibble,/home/eric/R/x86_64-pc-linux-gnu-library/3.4,1.3.4,NA,3.4.1
tidyr,/home/eric/R/x86_64-pc-linux-gnu-library/3.4,0.7.0,NA,3.4.1
tidyselect,/home/eric/R/x86_64-pc-linux-gnu-library/3.4,0.1.1,NA,3.4.1
tidytext,/home/eric/R/x86_64-pc-linux-gnu-library/3.4,0.1.3,NA,3.4.1
tidyverse,/home/eric/R/x86_64-pc-linux-gnu-library/3.4,1.1.1,NA,3.4.0
tm,/home/eric/R/x86_64-pc-linux-gnu-library/3.4,0.7-1,NA,3.4.0
tokenizers,/home/eric/R/x86_64-pc-linux-gnu-library/3.4,0.1.4,NA,3.4.0
TTR,/home/eric/R/x86_64-pc-linux-gnu-library/3.4,0.23-2,NA,3.4.1
usethis,/home/eric/R/x86_64-pc-linux-gnu-library/3.4,1.2.0,NA,3.4.3
uuid,/home/eric/R/x86_64-pc-linux-gnu-library/3.4,0.1-2,NA,3.4.0
viridis,/home/eric/R/x86_64-pc-linux-gnu-library/3.4,0.4.0,NA,3.4.0
viridisLite,/home/eric/R/x86_64-pc-linux-gnu-library/3.4,0.2.0,NA,3.4.0
visNetwork,/home/eric/R/x86_64-pc-linux-gnu-library/3.4,2.0.1,NA,3.4.1
whisker,/home/eric/R/x86_64-pc-linux-gnu-library/3.4,0.3-2,NA,3.4.0
withr,/home/eric/R/x86_64-pc-linux-gnu-library/3.4,2.1.1,NA,3.4.3
wordcloud,/home/eric/R/x86_64-pc-linux-gnu-library/3.4,2.5,NA,3.4.0
XLConnect,/home/eric/R/x86_64-pc-linux-gnu-library/3.4,0.2-13,NA,3.4.0
XLConnectJars,/home/eric/R/x86_64-pc-linux-gnu-library/3.4,0.2-13,NA,3.4.0
xml2,/home/eric/R/x86_64-pc-linux-gnu-library/3.4,1.1.1,NA,3.4.0
xts,/home/eric/R/x86_64-pc-linux-gnu-library/3.4,0.10-0,NA,3.4.1
zip,/home/eric/R/x86_64-pc-linux-gnu-library/3.4,1.0.0,NA,3.4.0
zoo,/home/eric/R/x86_64-pc-linux-gnu-library/3.4,1.8-0,NA,3.4.0
AlgDesign,/usr/local/lib/R/site-library,1.1-7.3,NA,3.4.1
assertthat,/usr/local/lib/R/site-library,0.2.0,NA,3.4.1
backports,/usr/local/lib/R/site-library,1.1.0,NA,3.4.1
base64enc,/usr/local/lib/R/site-library,0.1-3,NA,3.3.2
BH,/usr/local/lib/R/site-library,1.62.0-1,NA,3.4.1
bindr,/usr/local/lib/R/site-library,0.1,NA,3.4.1
bindrcpp,/usr/local/lib/R/site-library,0.2,NA,3.4.1
bitops,/usr/local/lib/R/site-library,1.0-6,NA,3.3.2
brew,/usr/local/lib/R/site-library,1.0-6,NA,3.4.1
broom,/usr/local/lib/R/site-library,0.4.2,NA,3.4.1
car,/usr/local/lib/R/site-library,2.1-5,NA,3.4.1
caTools,/usr/local/lib/R/site-library,1.17.1,NA,3.3.2
cellranger,/usr/local/lib/R/site-library,1.1.0,NA,3.4.1
colorspace,/usr/local/lib/R/site-library,1.3-2,NA,3.4.1
colourpicker,/usr/local/lib/R/site-library,0.3,NA,3.4.1
curl,/usr/local/lib/R/site-library,2.8.1,NA,3.4.1
data.table,/usr/local/lib/R/site-library,1.10.4,NA,3.4.1
data.tree,/usr/local/lib/R/site-library,0.7.0,NA,3.4.1
DBI,/usr/local/lib/R/site-library,0.7,NA,3.4.1
DEoptimR,/usr/local/lib/R/site-library,1.0-8,NA,3.4.1
devtools,/usr/local/lib/R/site-library,1.13.3,NA,3.4.1
DiagrammeR,/usr/local/lib/R/site-library,0.9.1,NA,3.4.1
dichromat,/usr/local/lib/R/site-library,2.0-0,NA,3.4.1
digest,/usr/local/lib/R/site-library,0.6.12,NA,3.4.1
doParallel,/usr/local/lib/R/site-library,1.0.10,NA,3.4.1
dplyr,/usr/local/lib/R/site-library,0.7.2,NA,3.4.1
DT,/usr/local/lib/R/site-library,0.2,NA,3.4.1
e1071,/usr/local/lib/R/site-library,1.6-8,NA,3.4.1
evaluate,/usr/local/lib/R/site-library,0.10.1,NA,3.4.1
forcats,/usr/local/lib/R/site-library,0.2.0,NA,3.4.1
foreach,/usr/local/lib/R/site-library,1.4.3,NA,3.4.1
formatR,/usr/local/lib/R/site-library,1.5,NA,3.4.1
fortunes,/usr/local/lib/R/site-library,1.5-4,NA,3.4.1
ggforce,/usr/local/lib/R/site-library,0.1.1,NA,3.4.1
ggplot2,/usr/local/lib/R/site-library,2.2.1,NA,3.4.1
ggraph,/usr/local/lib/R/site-library,1.0.0,NA,3.4.1
ggrepel,/usr/local/lib/R/site-library,0.6.5,NA,3.4.1
git2r,/usr/local/lib/R/site-library,0.19.0,NA,3.4.1
glue,/usr/local/lib/R/site-library,1.1.1,NA,3.4.1
Gmedian,/usr/local/lib/R/site-library,1.2.3,NA,3.4.1
googlesheets,/usr/local/lib/R/site-library,0.2.2,NA,3.4.1
GPArotation,/usr/local/lib/R/site-library,2014.11-1,NA,3.4.1
gridBase,/usr/local/lib/R/site-library,0.4-7,NA,3.4.1
gridExtra,/usr/local/lib/R/site-library,2.2.1,NA,3.4.1
gtable,/usr/local/lib/R/site-library,0.2.0,NA,3.4.1
haven,/usr/local/lib/R/site-library,1.1.0,NA,3.4.1
highr,/usr/local/lib/R/site-library,0.6,NA,3.3.2
hms,/usr/local/lib/R/site-library,0.3,NA,3.4.1
htmltools,/usr/local/lib/R/site-library,0.3.6,NA,3.4.1
htmlwidgets,/usr/local/lib/R/site-library,0.9,NA,3.4.1
httpuv,/usr/local/lib/R/site-library,1.3.5,NA,3.4.1
httr,/usr/local/lib/R/site-library,1.3.1,NA,3.4.1
hunspell,/usr/local/lib/R/site-library,2.6,NA,3.4.1
igraph,/usr/local/lib/R/site-library,1.1.2,NA,3.4.1
import,/usr/local/lib/R/site-library,1.1.0,NA,3.4.1
influenceR,/usr/local/lib/R/site-library,0.1.0,NA,3.4.1
irlba,/usr/local/lib/R/site-library,2.2.1,NA,3.4.1
iterators,/usr/local/lib/R/site-library,1.0.8,NA,3.4.1
janeaustenr,/usr/local/lib/R/site-library,0.1.5,NA,3.4.1
jsonlite,/usr/local/lib/R/site-library,1.5,NA,3.4.1
knitr,/usr/local/lib/R/site-library,1.16,NA,3.4.1
labeling,/usr/local/lib/R/site-library,0.3,NA,3.4.1
lazyeval,/usr/local/lib/R/site-library,0.2.0,NA,3.3.2
listviewer,/usr/local/lib/R/site-library,1.4.0,NA,3.4.1
lme4,/usr/local/lib/R/site-library,1.1-13,NA,3.4.1
lubridate,/usr/local/lib/R/site-library,1.6.0,NA,3.4.1
magrittr,/usr/local/lib/R/site-library,1.5,NA,3.3.2
markdown,/usr/local/lib/R/site-library,0.8,NA,3.4.1
MatrixModels,/usr/local/lib/R/site-library,0.4-1,NA,3.4.1
memoise,/usr/local/lib/R/site-library,1.1.0,NA,3.4.1
mime,/usr/local/lib/R/site-library,0.5,NA,3.3.2
miniUI,/usr/local/lib/R/site-library,0.1.1,NA,3.4.1
minqa,/usr/local/lib/R/site-library,1.2.4,NA,3.4.1
mnormt,/usr/local/lib/R/site-library,1.5-5,NA,3.4.1
modelr,/usr/local/lib/R/site-library,0.1.1,NA,3.4.1
munsell,/usr/local/lib/R/site-library,0.4.3,NA,3.4.1
mvtnorm,/usr/local/lib/R/site-library,1.0-6,NA,3.4.1
NeuralNetTools,/usr/local/lib/R/site-library,1.5.0,NA,3.4.1
nloptr,/usr/local/lib/R/site-library,1.0.4,NA,3.4.1
NLP,/usr/local/lib/R/site-library,0.1-11,NA,3.4.1
NMF,/usr/local/lib/R/site-library,0.20.6,NA,3.4.1
openssl,/usr/local/lib/R/site-library,0.9.6,NA,3.4.1
pbkrtest,/usr/local/lib/R/site-library,0.4-7,NA,3.4.1
pkgconfig,/usr/local/lib/R/site-library,2.0.1,NA,3.4.1
pkgmaker,/usr/local/lib/R/site-library,0.22,NA,3.4.1
plogr,/usr/local/lib/R/site-library,0.1-1,NA,3.4.1
plyr,/usr/local/lib/R/site-library,1.8.4,NA,3.4.1
polycor,/usr/local/lib/R/site-library,0.7-9,NA,3.4.1
pryr,/usr/local/lib/R/site-library,0.1.2,NA,3.4.1
psych,/usr/local/lib/R/site-library,1.7.5,NA,3.4.1
purrr,/usr/local/lib/R/site-library,0.2.3,NA,3.4.1
quantreg,/usr/local/lib/R/site-library,5.33,NA,3.4.1
R6,/usr/local/lib/R/site-library,2.2.2,NA,3.4.1
radiant,/usr/local/lib/R/site-library,0.8.0,NA,3.4.1
radiant.basics,/usr/local/lib/R/site-library,0.8.0,NA,3.4.1
radiant.data,/usr/local/lib/R/site-library,0.8.1,NA,3.4.1
radiant.design,/usr/local/lib/R/site-library,0.8.0,NA,3.4.1
radiant.model,/usr/local/lib/R/site-library,0.8.0,NA,3.4.1
radiant.multivariate,/usr/local/lib/R/site-library,0.8.0,NA,3.4.1
RColorBrewer,/usr/local/lib/R/site-library,1.1-2,NA,3.4.1
Rcpp,/usr/local/lib/R/site-library,0.12.11,NA,3.4.1
RcppArmadillo,/usr/local/lib/R/site-library,0.7.960.1.1,NA,3.4.1
RcppEigen,/usr/local/lib/R/site-library,0.3.3.3.0,NA,3.4.1
readr,/usr/local/lib/R/site-library,1.1.1,NA,3.4.1
readxl,/usr/local/lib/R/site-library,1.0.0,NA,3.4.1
registry,/usr/local/lib/R/site-library,0.3,NA,3.4.1
rematch,/usr/local/lib/R/site-library,1.0.1,NA,3.4.1
reshape2,/usr/local/lib/R/site-library,1.4.2,NA,3.4.1
rgexf,/usr/local/lib/R/site-library,0.15.3,NA,3.4.1
rlang,/usr/local/lib/R/site-library,0.1.2,NA,3.4.1
rmarkdown,/usr/local/lib/R/site-library,1.6,NA,3.4.1
RMySQL,/usr/local/lib/R/site-library,0.10.13,NA,3.4.1
rngtools,/usr/local/lib/R/site-library,1.2.4,NA,3.4.1
robustbase,/usr/local/lib/R/site-library,0.92-7,NA,3.4.1
Rook,/usr/local/lib/R/site-library,1.1-1,NA,3.4.1
rprojroot,/usr/local/lib/R/site-library,1.2,NA,3.4.1
RSpectra,/usr/local/lib/R/site-library,0.12-0,NA,3.4.1
rstudioapi,/usr/local/lib/R/site-library,0.6,NA,3.4.1
rvest,/usr/local/lib/R/site-library,0.3.2,NA,3.4.1
sandwich,/usr/local/lib/R/site-library,2.4-0,NA,3.4.1
scales,/usr/local/lib/R/site-library,0.4.1,NA,3.4.1
selectr,/usr/local/lib/R/site-library,0.3-1,NA,3.4.1
shiny,/usr/local/lib/R/site-library,1.0.3,NA,3.4.1
shinyAce,/usr/local/lib/R/site-library,0.2.1,NA,3.4.1
shinydashboard,/usr/local/lib/R/site-library,0.6.1,NA,3.4.1
shinyjs,/usr/local/lib/R/site-library,0.9.1,NA,3.4.1
slam,/usr/local/lib/R/site-library,0.1-40,NA,3.4.1
SnowballC,/usr/local/lib/R/site-library,0.5.1,NA,3.4.1
sourcetools,/usr/local/lib/R/site-library,0.1.6,NA,3.4.1
SparseM,/usr/local/lib/R/site-library,1.77,NA,3.4.1
stringi,/usr/local/lib/R/site-library,1.1.5,NA,3.4.1
stringr,/usr/local/lib/R/site-library,1.2.0,NA,3.4.1
tibble,/usr/local/lib/R/site-library,1.3.3,NA,3.4.1
tidygraph,/usr/local/lib/R/site-library,1.0.0,NA,3.4.1
tidyr,/usr/local/lib/R/site-library,0.7.0,NA,3.4.1
tidyverse,/usr/local/lib/R/site-library,1.1.1,NA,3.4.1
tm,/usr/local/lib/R/site-library,0.7-1,NA,3.4.1
tokenizers,/usr/local/lib/R/site-library,0.1.4,NA,3.4.1
tweenr,/usr/local/lib/R/site-library,0.1.5,NA,3.4.1
udunits2,/usr/local/lib/R/site-library,0.13,NA,3.4.1
units,/usr/local/lib/R/site-library,0.4-5,NA,3.4.1
viridis,/usr/local/lib/R/site-library,0.4.0,NA,3.4.1
viridisLite,/usr/local/lib/R/site-library,0.2.0,NA,3.4.1
visNetwork,/usr/local/lib/R/site-library,2.0.1,NA,3.4.1
whisker,/usr/local/lib/R/site-library,0.3-2,NA,3.4.1
withr,/usr/local/lib/R/site-library,2.0.0,NA,3.4.1
wordcloud,/usr/local/lib/R/site-library,2.5,NA,3.4.1
xml2,/usr/local/lib/R/site-library,1.1.1,NA,3.4.1
xtable,/usr/local/lib/R/site-library,1.8-2,NA,3.3.2
yaml,/usr/local/lib/R/site-library,2.1.14,NA,3.4.1
zoo,/usr/local/lib/R/site-library,1.8-0,NA,3.4.1
rJava,/usr/lib/R/site-library,0.9-8,NA,3.2.3
XML,/usr/lib/R/site-library,3.98-1.3,NA,3.2.1
base,/usr/lib/R/library,3.4.3,base,3.4.3
boot,/usr/lib/R/library,1.3-20,recommended,3.4.1
class,/usr/lib/R/library,7.3-14,recommended,3.4.0
cluster,/usr/lib/R/library,2.0.6,recommended,3.4.0
codetools,/usr/lib/R/library,0.2-15,recommended,3.3.1
compiler,/usr/lib/R/library,3.4.3,base,3.4.3
datasets,/usr/lib/R/library,3.4.3,base,3.4.3
foreign,/usr/lib/R/library,0.8-69,recommended,3.4.0
graphics,/usr/lib/R/library,3.4.3,base,3.4.3
grDevices,/usr/lib/R/library,3.4.3,base,3.4.3
grid,/usr/lib/R/library,3.4.3,base,3.4.3
KernSmooth,/usr/lib/R/library,2.23-15,recommended,3.4.0
lattice,/usr/lib/R/library,0.20-35,recommended,3.3.3
MASS,/usr/lib/R/library,7.3-48,recommended,3.4.3
Matrix,/usr/lib/R/library,1.2-11,recommended,3.4.1
methods,/usr/lib/R/library,3.4.3,base,3.4.3
mgcv,/usr/lib/R/library,1.8-23,recommended,3.4.3
nlme,/usr/lib/R/library,3.1-131,recommended,3.4.0
nnet,/usr/lib/R/library,7.3-12,recommended,3.4.0
parallel,/usr/lib/R/library,3.4.3,base,3.4.3
rpart,/usr/lib/R/library,4.1-12,recommended,3.4.3
spatial,/usr/lib/R/library,7.3-11,recommended,3.2.5
splines,/usr/lib/R/library,3.4.3,base,3.4.3
stats,/usr/lib/R/library,3.4.3,base,3.4.3
stats4,/usr/lib/R/library,3.4.3,base,3.4.3
survival,/usr/lib/R/library,2.41-3,recommended,3.4.0
tcltk,/usr/lib/R/library,3.4.3,base,3.4.3
tools,/usr/lib/R/library,3.4.3,base,3.4.3
utils,/usr/lib/R/library,3.4.3,base,3.4.3
